Query ID,Query,Received Response,Expected Response,Meaning Acc (%)
1,"Quais são os requisitos de entrada de sargentos para a área funcional Operações Especiais, em termos de altura e escolaridade?","  Com base no contexto fornecido, para a categoria de **Sargento** na Área Funcional de **Operações Especiais**, os requisitos são:  * **Escolaridade:** 12.º ano. * **Altura:** 156 cm (para feminino) e 160 cm (para masculino).","Os requisitos para a área funcional Operações Especiais são ter o 12º ano, saber nadar e ter uma altura de 162cm (feminino e masculino), no caso de sargentos.",60.0
2,Qual é a unidade responsável pela formação inicial de Sargentos para todas as áreas funcionais e onde se localiza?,"  Com base no contexto fornecido, a unidade responsável pela formação inicial de Sargentos para todas as áreas funcionais é a **Escola de Sargentos do Exército (ESE)**, que se localiza nas **Caldas da Rainha**.","A unidade responsável pela formação inicial de Sargentos para todas as áreas funcionais é a Escola de Sargentos do Exército (ESE), localizada em Caldas da Rainha.",98.0
3,Qual é a remuneração total de um General (GEN) em 2024?,"  Com base na Tabela Remuneratória dos Militares 2024 fornecida no contexto, a remuneração total de um General (GEN) é de **6 558,53 €**.","A remuneração total (TOTAL) de um General (GEN) é 6.558,53 €.",98.0
4,"Quanto ganha, em termos de remuneração base (RB), um Cad Aluno do 1º Ano?","  De acordo com o contexto fornecido, a remuneração base (RB) de um Cad Aluno do 1º Ano é de **203,51 €**.","A remuneração base (RB) de um Cad Aluno do 1º Ano é 203,51 €.",100.0
5,"Qual é a remuneração total de um Sargento-Ajudante (SAJ), NR 23?","  Com base no contexto fornecido, especificamente na Tabela Remuneratória dos Militares 2024, a remuneração total de um Sargento-Ajudante (SAJ) com NR 23 é de **2 205,29 €**.","A remuneração total para Sargento-Ajudante (SAJ) NR 23 é de 2.205,29 €.",100.0
6,Qual é o código de transação SAP mencionado para iniciar o processo de Alteração de Horário?,"  Com base no contexto fornecido, o código de transação SAP mencionado para iniciar o processo de Alteração de Horário é **PA40**.",O código de transação mencionado para a medida de Alteração de Horário é PA40.,100.0
7,"Para que serve o Infotipo 2003 Substituições, de acordo com o manual?","  De acordo com o manual, o infotipo 2003 - Substituições serve para realizar a substituição do horário de trabalho do colaborador.   Além disso, o contexto indica que este infotipo é utilizado para: * O registo de tolerâncias de ponto (através do subtipo 03 - Tolerância de Ponto); * A Gestão do Horário por Turnos, permitindo registar dias de descanso e folga em dias úteis, bem como o tempo de trabalho realizado em dias de descanso complementares e obrigatórios; * A substituição de intervalos, regras do plano de horário e tipo de dia.",O Infotipo 2003 Substituições serve para realizar a substituição do horário de trabalho do colaborador. O registo de tolerâncias de ponto também deve ser efetuado neste infotipo.,70.0
8,Como posso aceder ao relatório Síntese de datas utilizando um código de transação?,"  Com base no contexto fornecido, pode aceder ao relatório **Síntese de datas** através dos seguintes códigos de transação:  * **S_PH0_48000450** (associado ao menu: `HR - Recursos Humanos > Gestão de Pessoal > Assiduidades > Relatórios > Síntese de datas`) * **ZHR_T_Q0016** (associado à secção de Síntese de datas para informação do IT0019)  Para aceder, basta introduzir o código pretendido na caixa de introdução rápida do sistema e selecionar a opção **Executar**.",Pode aceder ao relatório Síntese de datas utilizando o código de transação S_PH0_48000450.,85.0
9,Qual a área geográfica de prestação de serviço preferencial para a área funcional Vigilância do Campo de Batalha?,"  Com base no contexto fornecido, a área geográfica de prestação de serviço preferencial para a área funcional Vigilância do Campo de Batalha é **Braga, Estremoz e S. Margarida**.","A área geográfica de prestação de serviço preferencial para Vigilância do Campo de Batalha é Braga, Estremoz e S. Margarida.",100.0
10,Quais são as condições essenciais de altura para a área funcional Vigilância do Campo de Batalha?,"  De acordo com o contexto fornecido, a condição essencial de altura para a Área Funcional de Vigilância do Campo de Batalha é de **165 cm a 180 cm** (aplicável tanto ao feminino como ao masculino).",As condições essenciais de altura para Vigilância do Campo de Batalha são 165cm - 180cm (feminino e masculino).,98.0
11,Qual é a remuneração total de um Tenente-General (TGEN) com PR 2 em 2024?,"  De acordo com a Tabela Remuneratória dos Militares 2024 apresentada no contexto, a remuneração total de um Tenente-General (TGEN) com PR 2 é de **5 496,86 €**.","A remuneração total de um Tenente-General (TGEN) PR 2 é 5.496,86 €.",98.0
12,"Quantas horas de trabalho suplementar por ano são permitidas, por trabalhador, segundo a lei geral?","  Com base no contexto fornecido (Artigo 228.º), os limites anuais de trabalho suplementar por trabalhador, segundo a lei geral, são os seguintes:  - **Microempresa ou pequena empresa:** 175 horas por ano. - **Média ou grande empresa:** 150 horas por ano. - **Trabalhador a tempo parcial:** 80 horas por ano, ou o número de horas correspondente à proporção entre o respetivo período normal de trabalho e o de um trabalhador a tempo completo em situação comparável (quando superior).  O contexto indica ainda que estes limites podem ser aumentados até **200 horas por ano** mediante instrumento de regulamentação colectiva de trabalho.","O limite de trabalho suplementar é de 150 horas de trabalho por ano, por trabalhador.",40.0
13,Qual o número máximo de horas de trabalho suplementar por dia normal de trabalho?,"  Com base no contexto fornecido, o número máximo de horas de trabalho suplementar por dia normal de trabalho é de **duas horas** (conforme previsto no n.º 1, alínea d) do Artigo 228.º e no n.º 2, alínea b) do Artigo 120.º).",O limite é de duas horas por dia normal de trabalho.,95.0
14,Qual o Infotipo utilizado para registar contingentes de presença no SIGRHV?,"  Com base no contexto fornecido, o infotipo utilizado para registar contingentes de presença é o **2007 - Contingentes de Presenças**.",O Infotipo utilizado para registar contingentes de presença é o IT 2007 - Contingentes de presença.,95.0
15,Qual é o Infotipo do SIGRHV utilizado para registar contingentes de presença?,"  Com base no contexto fornecido, o infotipo utilizado para registar contingentes de presença é o **Infotipo 2007 - Contingentes de Presenças**.",O Infotipo utilizado para registar contingentes de presença é o IT 2007 - Contingentes de presença.,95.0
16,Quais são as penas disciplinares aplicáveis aos militares dos quadros permanentes nas situações do ativo ou de reserva?,"  Com base no contexto fornecido (Artigo 30.º), as penas disciplinares aplicáveis aos militares dos quadros permanentes nas situações do activo ou de reserva são:  - **Penas gerais** (por ordem crescente de gravidade): Repreensão, Repreensão agravada, Proibição de saída, Suspensão de serviço e Prisão disciplinar. - **Penas adicionais específicas** para esta categoria: Reforma compulsiva e Separação de serviço.","As penas disciplinares aplicáveis aos militares dos quadros permanentes no ativo ou reserva são: repreensão, repreensão agravada, proibição de saída, suspensão de serviço, prisão disciplinar, reforma compulsiva e separação de serviço.",90.0
17,Qual a duração máxima da pena de proibição de saída?,"  Com base no contexto fornecido, a duração máxima da pena de proibição de saída é de **20 dias**.",A pena de proibição de saída tem duração não superior a 20 dias.,100.0
18,O que consiste a pena de repreensão agravada para oficiais e sargentos?,"  Com base no contexto fornecido, a pena de repreensão agravada consiste na declaração feita ao infractor de que sofre reparo por ter praticado uma infracção disciplinar.   No caso específico de **oficiais e sargentos**, esta é dada na presença de outros oficiais ou sargentos, respetivamente de posto superior ou igual, mas, neste último caso, mais antigos, da unidade, estabelecimento ou órgão a que o infractor pertencer ou em que estiver apresentado.","A repreensão agravada a oficiais e sargentos é dada na presença de outros oficiais ou sargentos, respetivamente de posto superior ou igual, mas, neste caso, mais antigos, da unidade, estabelecimento ou órgão a que o infrator pertencer.",85.0
19,Qual é o período de suspensão de serviço que pode ser aplicado como pena disciplinar?,"  Com base no contexto fornecido, a pena de suspensão de serviço traduz-se no afastamento completo do serviço pelo período que for fixado, **entre cinco e 90 dias**. (Artigo 34.º)","A pena de suspensão de serviço traduz-se no afastamento completo do serviço por um período que for fixado, entre cinco e 90 dias.",100.0
20,A que consiste a pena de separação de serviço?,"  Com base no contexto fornecido, a pena de separação de serviço consiste no afastamento definitivo das Forças Armadas, com perda da condição de militar, abate aos quadros permanentes e privação do uso de uniforme, distintivos, insígnias e medalhas militares, sem prejuízo do direito à pensão de reforma.   Esta pena é aplicável ao militar cujo comportamento, pela sua excepcional gravidade, se revele incompatível com a permanência nos quadros das Forças Armadas.","A separação de serviço consiste no afastamento definitivo das Forças Armadas, com perda da condição de militar, abate aos quadros permanentes e privação do uso de uniforme, distintivos, insígnias e medalhas militares, sem prejuízo do direito à pensão de reforma.",95.0
21,Qual o código de transação para atualizar dados mestre de pessoal no SIGRHV?,"  Com base no contexto fornecido, o código de transação para atualizar os dados mestre de pessoal é o **PA30** (explicitamente identificado no documento como `PA30 - Atualizar`). Este código é indicado em múltiplas secções para a gestão e atualização de dados mestre no sistema.",O código de transação para atualizar dados mestre de pessoal é PA30.,100.0
22,Qual é o Infotipo utilizado para registar movimentos e mobilidades de pessoal?,Error: Request timed out.,O Infotipo utilizado para registar movimentos e mobilidades é o IT 9011 - Movimentos e Mobilidades.,0.0
23,Que medida deve ser executada para registar uma reclassificação de um militar?,"  Com base no contexto fornecido, para registar uma reclassificação de um militar no sistema, deve ser executada a medida **""Reclassificação / Transferência de Quadro Especial""** (identificada no sistema pelo código **B4 - Reclassificação/Transf.QEsp**).","A medida a executar é Reclassificação / Transferência de Quadro Especial, onde será registada a nova especialidade no IT0337 – Categoria / Posto.",93.0
24,Onde devem ser registados os documentos que constituem o Processo Individual do militar?,"  Com base no contexto fornecido, os documentos que constituem o Processo Individual (PIND) do militar devem ser registados da seguinte forma:  * **No sistema de informação (SI/SAP):** Devem ser registados no infotipo (IT) `'Índice de documentos'`. Para tal, o utilizador deve aceder à transação `PA30`, selecionar o infotipo `9009 - Índice de documentos` e o subtipo `0003` (destinado a militares), efetuando um registo para cada documento que integrará o PIND físico. * **Fisicamente:** Os documentos que servem de base à inserção de dados ou averbamentos nos SI são registados, numerados e classificados, sendo posteriormente arquivados em capa. Na capa, deve indicar-se externamente o Comando Funcional, a U/E/O, o número de identificação do militar, o posto/categoria, o quadro especial ou área funcional e o nome completo.  Estes procedimentos garantem a identificação dos documentos arquivados no PIND físico e facilitam a respetiva pesquisa, conforme estabelecido nas Normas de Gestão do Processo Individual no Exército.","Os documentos devem ser registados no IT Índice de documentos (IT 9009), que tem como objetivo o registo dos vários documentos que irão constituir o Processo Individual do militar.",75.0
25,Qual é a área geográfica de prestação de serviço preferencial para Operações Especiais de Sargentos?,"  Com base no contexto fornecido, a Área Geográfica de Prestação de Serviço Preferencial para Operações Especiais é **Lamego**.   Para a especialidade Operações Especiais - 21, a área é todas, mas nos primeiros 2 anos o serviço deve ser obrigatoriamente prestado em U/E/O da especialidade em Lamego.",A área geográfica de prestação de serviço preferencial para Operações Especiais é Lamego.,95.0
26,Quantas especialidades existem para admissão de Praças em Regime de Contrato Especial (RCE)?,"  Com base no contexto fornecido, existem **14 (catorze)** especialidades (situações funcionais) estabelecidas para admissão de Praças em Regime de Contrato Especial (RCE).   Estas especialidades são: - Alimentação - Eletricidade - Gestão Equina - Informática - Logística Militar - Mecânica Auto - Mecânica de Armamento - Mecânica de Carroçarias - Mecânica de Eletrónica - Multimédia - Música - Refrigeração e Climatização - Secretariado - Transportes  *(Nota: O contexto menciona ainda que as especialidades de Saúde, Farmácia, Estomatologia e Emergência de Aeródromos se encontram ainda a aguardar despacho/promulgação.)*",Existem 14 especialidades para a admissão de Praças em Regime de Contrato Especial.,85.0
27,Qual a escolaridade mínima exigida para admissão como Praça em RCE?,"  Com base no contexto fornecido, para a categoria de Praças no Regime de Contrato Especial (RCE), é exigido o **Ensino Secundário completo (12.º ano)**, ou habilitações legalmente equivalentes ao **Nível 3 do Quadro Nacional de Qualificações (QNQ)**.","É necessário o Ensino Secundário completo (12º ano), ou habilitações legalmente equivalentes ao Nível 3 do Quadro Nacional de Qualificações.",100.0
28,Quantos turnos de incorporação CFO/CEFO/CFS estavam previstos para 2024 segundo o Plano de Formação Anual?,"  De acordo com o Plano de Formação Anual 2024 (PFA 2024), estavam previstos **dois (02) turnos** de incorporação CFO/CEFO/CFS no decorrer de 2024.",Estavam previstos dois (02) turnos de incorporação CFO/CEFO/CFS no decorrer de 2024.,100.0
29,Qual era o efetivo máximo previsto para o 1º CFO/CEFO/CFS 2024?,"  Com base no contexto fornecido, para o 1º CFO/CEFO/CFS 2024, está previsto um efetivo máximo de **96 Oficiais e 135 Sargentos**.",Estava previsto um efetivo máximo de 96 Oficiais e 135 Sargentos para o 1º CFO/CEFO/CFS 2024.,98.0
30,Qual é a remuneração base de um Major (MAJ) PR 3 em 2024?,"  Com base no contexto fornecido, a remuneração base (RB) de um Major (MAJ) com PR 3 em 2024 é de **2 620,23 €**.","A remuneração base (RB) de um Major (MAJ) PR 3 é 2.620,23 €.",98.0
31,Qual a remuneração total de um 1º Sargento (1SAR) NR 20 em 2024?,"  Com base no contexto fornecido, a remuneração total de um 1º Sargento (1SAR) com a posição remuneratória (NR) 20 em 2024 é de **2 015,82 €**.   Este valor resulta da soma da remuneração base (1 596,52 €) e do suplemento da condição militar (419,30 €), conforme registado na Tabela Remuneratória dos Militares 2024 incluída no documento.","A remuneração total de um 1º Sargento (1SAR) NR 20 é 2.015,82 €.",98.0
32,Quantos anos de serviço efetivo são necessários para obter a medalha de ouro de comportamento exemplar?,"  Com base no contexto fornecido, são necessários **30 anos de serviço efetivo** para obter a medalha de ouro de comportamento exemplar, desde que o militar não tenha sofrido qualquer pena disciplinar ou criminal.","São necessários 30 anos de serviço efetivo, sem qualquer pena disciplinar ou criminal, para obter a medalha de ouro de comportamento exemplar.",100.0
33,Quantos anos de serviço são necessários para a medalha de prata de comportamento exemplar?,"  De acordo com o contexto fornecido, são necessários **15 anos de serviço efectivo** para a concessão da medalha de prata de comportamento exemplar. Este período deve ser cumprido sem qualquer pena disciplinar ou criminal, ou, caso o militar tenha sofrido pena não privativa de liberdade, deve completar um período igual sem sofrer nova pena.",São necessários 15 anos de serviço efetivo sem qualquer pena disciplinar ou criminal para a medalha de prata de comportamento exemplar.,95.0
34,Quais são as bases do Sistema de Avaliação do Mérito dos Militares das Forças Armadas (SAMMFA)?,"  Com base no contexto fornecido, as bases do Sistema de Avaliação do Mérito dos Militares das Forças Armadas (SAMMFA) são:  - Avaliação individual (AI); - Avaliação da formação (AF); - Avaliação disciplinar (AD); - Antiguidade no posto (AP); - Avaliação complementar (AC).","As bases do SAMMFA são: a avaliação individual (AI), a avaliação da formação (AF), a avaliação disciplinar (AD), a antiguidade no posto (AP) e a avaliação complementar (AC).",100.0
35,"Segundo a Lei Geral do Trabalho em Funções Públicas, qual é o limite máximo da sanção disciplinar de multa (por infração e por ano)?","  De acordo com o Artigo 181.º da Lei Geral do Trabalho em Funções Públicas (LTFP), a sanção disciplinar de multa não pode exceder:  * **Por cada infração:** o valor correspondente a **seis remunerações base diárias**; * **Por ano:** um valor total correspondente à **remuneração base de 90 dias**.",A sanção de multa não pode exceder o valor correspondente a seis remunerações base diárias por cada infração e um valor total correspondente à remuneração base de 90 dias por ano.,100.0
36,Como é calculada a antiguidade no posto para efeitos de promoção?,"  Com base no contexto fornecido, a antiguidade no posto para efeitos de promoção é calculada da seguinte forma:  * **Base de cálculo:** Consiste na quantificação do tempo de serviço efetivo no respetivo posto, contabilizado nos termos do EMFAR, a partir da data fixada no documento oficial de promoção e medida em dias (Art.º 36.º e Art.º 31.º). * **Valorização diária:** Para a quantificação, é atribuído a cada dia de serviço efetivo um valor de `0,005`. A soma destes valores é arredondada às centésimas (Art.º 36.º, n.º 2). * **Promoção por escolha:** Caso a promoção seja por escolha, ao valor apurado é descontado o valor correspondente ao número de anos igual ao menor dos tempos mínimos no posto, estabelecidos no EMFAR para os militares em apreciação, desprezando-se valores superiores a 20 (Art.º 36.º, n.º 3). * **Períodos que não contam:** Para efeitos de promoção, **não** é considerada como antiguidade:   * O tempo decorrido na situação de inatividade temporária por motivo de pena de natureza criminal ou disciplinar;   * O tempo de ausência ilegítima e de deserção;   * O tempo de permanência na situação de licença ilimitada;   * O tempo de serviço prestado antes do ingresso nos QP (Art.º 182.º).  Desta forma, a contagem reporta-se estritamente ao tempo de serviço efetivo a partir da data de antiguidade no posto, excluindo os períodos acima referidos.","Para a quantificação da antiguidade é atribuído a cada dia de serviço efetivo um valor de 0,005 valores, sendo a soma dos valores arredondada às centésimas.",85.0
37,Qual é o Infotipo SAP utilizado para registar o posto ou categoria profissional de militares?,"  Com base no contexto fornecido, o Infotipo SAP utilizado para registar o posto ou categoria profissional de militares é o **Infotipo 0337** (referido no documento como `Infotipo 0337 - Posto / Categoria Profissional` ou `Infotipo 0337 - Posto e Categoria`).",O Infotipo utilizado é o IT 0337 - Posto / Categoria Profissional.,95.0
38,Qual a finalidade do SAMMFA?,"  Com base no contexto fornecido, a finalidade do SAMMFA é determinar o mérito do militar, tendo em vista uma correta gestão dos recursos humanos nos ramos das Forças Armadas, designadamente quanto a: - Recrutamento e seleção; - Formação e aperfeiçoamento; - Promoção; - Progressão horizontal; - Desempenho de cargos e exercício de funções; - Renovação contratual.  Além disso, o SAMMFA visa ainda: - Compatibilizar as competências do avaliado com os interesses e as necessidades da instituição militar; - Contribuir para incentivar o cumprimento das missões e tarefas, bem como estimular o aperfeiçoamento técnico-militar; - Atualizar e melhorar o conhecimento do potencial humano existente.","O SAMMFA tem por finalidade determinar o mérito do militar, tendo em vista uma correta gestão dos recursos humanos, designadamente quanto a recrutamento e seleção, formação, promoção, progressão horizontal, desempenho de cargos e renovação contratual.",80.0
39,Qual é o limite máximo de dias que pode ser aplicado como sanção de suspensão para trabalhadores em funções públicas?,"  Com base no contexto fornecido, a sanção de suspensão varia entre 20 e 90 dias por cada infração, num máximo de **240 dias por ano**. (Artigo 181.º, n.º 4)","A sanção de suspensão varia entre 20 e 90 dias por cada infração, num máximo de 240 dias por ano.",100.0
40,Quais são as sanções disciplinares aplicáveis aos trabalhadores em funções públicas?,"  Com base no contexto fornecido, as sanções disciplinares aplicáveis aos trabalhadores em funções públicas são: - Repreensão escrita; - Multa; - Suspensão; - Despedimento disciplinar ou demissão.  Adicionalmente, aos titulares de cargos dirigentes e equiparados, é aplicável a sanção disciplinar de **cessação da comissão de serviço** (a título principal ou acessório).","As sanções disciplinares aplicáveis são: repreensão escrita, multa, suspensão, despedimento disciplinar ou demissão.",90.0
41,Qual é o prazo de prescrição do procedimento disciplinar quando o trabalhador não foi notificado da decisão final?,"  De acordo com o contexto fornecido, o procedimento disciplinar prescreve decorridos **18 meses** (Artigo 178.º) ou **um ano** (Artigo 329.º), a contar da data em que foi instaurado, caso o trabalhador não tenha sido notificado da decisão final dentro desse prazo.","O procedimento disciplinar prescreve decorridos 18 meses, a contar da data em que foi instaurado, quando o trabalhador não tenha sido notificado da decisão final nesse prazo.",75.0
42,Qual o valor máximo que pode ter a sanção de multa para trabalhadores em funções públicas?,"  Com base no contexto fornecido (Artigo 181.º), a sanção de multa para trabalhadores em funções públicas **não pode exceder o valor correspondente a seis remunerações base diárias por cada infração**, tendo um **valor total máximo correspondente à remuneração base de 90 dias por ano**.",A sanção de multa não pode exceder o valor correspondente a seis remunerações base diárias por cada infração e um valor total correspondente à remuneração base de 90 dias por ano.,100.0
43,Quais são as carreiras gerais no âmbito da função pública?,"  Com base no contexto fornecido, as carreiras gerais no âmbito da função pública são: - Técnico superior; - Assistente técnico; - Assistente operacional.","São carreiras gerais: Técnico Superior, Assistente Técnico e Assistente Operacional.",100.0
44,Quantas posições remuneratórias mínimas tem a categoria inferior numa carreira pluricategorial?,"  Com base no contexto fornecido, à categoria inferior de uma carreira pluricategorial corresponde um número mínimo de **oito** posições remuneratórias.",À categoria inferior corresponde um número mínimo de oito posições remuneratórias.,100.0
45,Quantos pontos são necessários para alterar obrigatoriamente de posição remuneratória na carreira de trabalhador em funções públicas?,"  Com base no contexto fornecido, a resposta depende do regime aplicável ao trabalhador:  * **Regra geral:** São necessários **8 pontos** acumulados nas avaliações de desempenho para que haja lugar à alteração obrigatória do posicionamento remuneratório (Artigo 156.º, n.º 7, da LTFP). * **Regime especial:** Para trabalhadores que foram impactados pelos períodos de congelamento remuneratório (entre 30 de agosto de 2005 e 31 de dezembro de 2007, e entre 1 de janeiro de 2011 e 31 de dezembro de 2017), o Decreto-Lei n.º 75/2023 reduz este requisito para **6 pontos**, desde que reúnam requisitos cumulativos específicos (como ter 18 ou mais anos de exercício de funções integrados em carreira).  Ambas as situações estão previstas no contexto e visam garantir a alteração obrigatória para a posição remuneratória imediatamente seguinte à detida.",É necessário acumular 8 pontos nas avaliações do desempenho para haver alteração obrigatória para a posição remuneratória imediatamente seguinte.,85.0
46,Que valor corresponde a uma menção máxima em termos de pontos para progressão na carreira?,"  De acordo com o contexto fornecido, uma menção máxima corresponde a **três pontos** para efeitos de progressão na carreira (alteração do posicionamento remuneratório).   *(Nota: O contexto refere ainda uma norma transitória para 2025 que prevê a contagem de seis pontos por cada menção máxima, mas a regra geral indicada é de três pontos.)*",Uma menção máxima corresponde a três pontos para efeitos de alteração de posicionamento remuneratório.,90.0
47,Qual o Infotipo utilizado para registar ausências no SIGRHV?,"  Com base no contexto fornecido, o Infotipo utilizado para registar ausências é o **Infotipo 2001**. Este serve especificamente para criar, alterar, eliminar ou bloquear registos de ausências.",O Infotipo utilizado para registar ausências é o IT 2001 - Ausências.,85.0
48,"Em que Infotipo do SIGRHV devem ser registadas ausências, como por exemplo o descanso compensatório?","  Com base no contexto fornecido:  * Para o registo geral de ausências, deve utilizar o **Infotipo 2001**. * Relativamente ao **descanso compensatório** (subtipo 61), este é **gerado automaticamente pela avaliação de tempos** e não pode ser modificado diretamente no Infotipo 2006. Caso seja necessário efetuar um ajuste manual a este contingente, o procedimento indicado é utilizar o **Infotipo 2013 - Correções de contingente**.",As ausências devem ser registadas no IT 2001 - Ausências.,65.0
49,Quais são os requisitos de altura para oficiais na área funcional Sapador de Engenharia?,"  Com base no contexto fornecido, para a categoria de **Oficial** na Área Funcional de Sapador de Engenharia, o requisito de altura é de **156 cm para mulheres** e **160 cm para homens**.",Os requisitos de altura para oficiais na área funcional Sapador de Engenharia são 156cm (feminino) e 160cm (masculino).,98.0
50,Qual é a área geográfica de prestação de serviço preferencial para a área funcional Sapador de Engenharia?,"  De acordo com o contexto fornecido, a área geográfica de prestação de serviço preferencial para a área funcional Sapador de Engenharia é **Espinho, S. Margarida e Tancos**.  O contexto indica também a opção **Todas**, com a condição de que, nos primeiros 2 anos, terá de prestar serviço em U/E/O da especialidade, em Aveiro, Espinho, Santa Margarida ou Tancos.","A área geográfica de prestação de serviço preferencial para Sapador de Engenharia é Espinho, S. Margarida e Tancos.",88.0
